"Source:","C:\Users\gtfr5\OneDrive\Documents\KiCad\PIC-Design\Subsystem\Subsystem.kicad_sch"
"Date:","2025-10-31T21:04:42-0700"
"Tool:","Eeschema 9.0.4"
"Generator:","C:\Program Files\KiCad\9.0\bin\scripting\plugins/bom_csv_grouped_by_value.py"
"Component Count:","34"

"Collated Components:"

"Item","Qty","Reference(s)","Value","LibPart","Footprint","Datasheet","DNP","Datasheet","Description","Footprint"
"1","1","C1",".33uF","Device:C","","~","","~","Unpolarized capacitor",""
"2","1","C2",".1uF","Device:C","","~","","~","Unpolarized capacitor",""
"3","2","C3, C5","10uF","Device:C","","~","","~","Unpolarized capacitor",""
"4","1","F1","1.2A","Device:Fuse","","~","","~","Fuse",""
"5","1","J1","Barrel_Jack_Switch","MLS_Custom:Barrel_Jack_Switch","","~","","~","DC Barrel Jack with an internal switch",""
"6","1","MLS_Connector1","Connector 1","MLS_Custom:MLS_Connector","","","","","",""
"7","1","MLS_Connector2","Connector 2","MLS_Custom:MLS_Connector","","","","","",""
"8","1","MLS_PIC18F57Q2","~","MLS_Custom:MLS_PIC18F57Q43","","","","","",""
"9","1","MLS_VR1","LM7805_MLS","MLS_Custom:MLS_Voltage_Regulator","","","","","",""
"10","1","R1","1k","Device:R_US","","~","","~","Resistor, US symbol",""
"11","8","R2, R3, R4, R5, R6, R7, R8, R9","10k","Device:R_US","","~","","~","Resistor, US symbol",""
"12","8","SW1, SW2, SW3, SW4, SW5, SW6, SW7, SW8","SW_DPST","Switch:SW_DPST","","~","","~","Double Pole Single Throw (DPST) Switch",""
"13","6","TP1, TP2, TP3, TP4, TP5, TP6","TestPoint","Connector:TestPoint","","~","","~","test point",""
"14","1","U1","74HC165","74xx:74HC165","","https://assets.nexperia.com/documents/data-sheet/74HC_HCT165.pdf","","https://assets.nexperia.com/documents/data-sheet/74HC_HCT165.pdf","Shift Register, 8-bit, Parallel Load",""
