<?xml version="1.0" encoding="UTF-8"?>
<export version="E">
  <design>
    <source>C:\Users\gtfr5\OneDrive\Documents\KiCad\PIC-Design\Subsystem\Subsystem.kicad_sch</source>
    <date>2025-10-31T21:04:42-0700</date>
    <tool>Eeschema 9.0.4</tool>
    <sheet number="1" name="/" tstamps="/">
      <title_block>
        <title>Schematic Matthew Sanderson</title>
        <company>Team 209</company>
        <rev/>
        <date/>
        <source>Subsystem.kicad_sch</source>
        <comment number="1" value=""/>
        <comment number="2" value=""/>
        <comment number="3" value=""/>
        <comment number="4" value=""/>
        <comment number="5" value=""/>
        <comment number="6" value=""/>
        <comment number="7" value=""/>
        <comment number="8" value=""/>
        <comment number="9" value=""/>
      </title_block>
    </sheet>
  </design>
  <components>
    <comp ref="C1">
      <value>.33uF</value>
      <datasheet>~</datasheet>
      <description>Unpolarized capacitor</description>
      <fields>
        <field name="Footprint"/>
        <field name="Datasheet">~</field>
        <field name="Description">Unpolarized capacitor</field>
      </fields>
      <libsource lib="Device" part="C" description="Unpolarized capacitor"/>
      <property name="Sheetname" value="Root"/>
      <property name="Sheetfile" value="Subsystem.kicad_sch"/>
      <property name="ki_keywords" value="cap capacitor"/>
      <property name="ki_fp_filters" value="C_*"/>
      <sheetpath names="/" tstamps="/"/>
      <tstamps>9dba6ae5-d860-4e5a-a874-f77b4f3fd014</tstamps>
    </comp>
    <comp ref="C2">
      <value>.1uF</value>
      <datasheet>~</datasheet>
      <description>Unpolarized capacitor</description>
      <fields>
        <field name="Footprint"/>
        <field name="Datasheet">~</field>
        <field name="Description">Unpolarized capacitor</field>
      </fields>
      <libsource lib="Device" part="C" description="Unpolarized capacitor"/>
      <property name="Sheetname" value="Root"/>
      <property name="Sheetfile" value="Subsystem.kicad_sch"/>
      <property name="ki_keywords" value="cap capacitor"/>
      <property name="ki_fp_filters" value="C_*"/>
      <sheetpath names="/" tstamps="/"/>
      <tstamps>ceca4325-aabc-4be8-bb77-c9e2d1d75817</tstamps>
    </comp>
    <comp ref="C3">
      <value>10uF</value>
      <datasheet>~</datasheet>
      <description>Unpolarized capacitor</description>
      <fields>
        <field name="Footprint"/>
        <field name="Datasheet">~</field>
        <field name="Description">Unpolarized capacitor</field>
      </fields>
      <libsource lib="Device" part="C" description="Unpolarized capacitor"/>
      <property name="Sheetname" value="Root"/>
      <property name="Sheetfile" value="Subsystem.kicad_sch"/>
      <property name="ki_keywords" value="cap capacitor"/>
      <property name="ki_fp_filters" value="C_*"/>
      <sheetpath names="/" tstamps="/"/>
      <tstamps>8908bfa8-f075-49ae-9002-6752ca8119e0</tstamps>
    </comp>
    <comp ref="C5">
      <value>10uF</value>
      <datasheet>~</datasheet>
      <description>Unpolarized capacitor</description>
      <fields>
        <field name="Footprint"/>
        <field name="Datasheet">~</field>
        <field name="Description">Unpolarized capacitor</field>
      </fields>
      <libsource lib="Device" part="C" description="Unpolarized capacitor"/>
      <property name="Sheetname" value="Root"/>
      <property name="Sheetfile" value="Subsystem.kicad_sch"/>
      <property name="ki_keywords" value="cap capacitor"/>
      <property name="ki_fp_filters" value="C_*"/>
      <sheetpath names="/" tstamps="/"/>
      <tstamps>49a473c0-094e-4362-9f3f-cc5ba662c0db</tstamps>
    </comp>
    <comp ref="F1">
      <value>1.2A</value>
      <datasheet>~</datasheet>
      <description>Fuse</description>
      <fields>
        <field name="Footprint"/>
        <field name="Datasheet">~</field>
        <field name="Description">Fuse</field>
      </fields>
      <libsource lib="Device" part="Fuse" description="Fuse"/>
      <property name="Sheetname" value="Root"/>
      <property name="Sheetfile" value="Subsystem.kicad_sch"/>
      <property name="ki_keywords" value="fuse"/>
      <property name="ki_fp_filters" value="*Fuse*"/>
      <sheetpath names="/" tstamps="/"/>
      <tstamps>656fea6a-fed1-4a80-af6c-f0eb8dc59b40</tstamps>
    </comp>
    <comp ref="J1">
      <value>Barrel_Jack_Switch</value>
      <datasheet>~</datasheet>
      <description>DC Barrel Jack with an internal switch</description>
      <fields>
        <field name="Footprint"/>
        <field name="Datasheet">~</field>
        <field name="Description">DC Barrel Jack with an internal switch</field>
      </fields>
      <libsource lib="MLS_Custom" part="Barrel_Jack_Switch" description="DC Barrel Jack with an internal switch"/>
      <property name="Sheetname" value="Root"/>
      <property name="Sheetfile" value="Subsystem.kicad_sch"/>
      <property name="ki_keywords" value="DC power barrel jack connector"/>
      <property name="ki_fp_filters" value="BarrelJack*"/>
      <sheetpath names="/" tstamps="/"/>
      <tstamps>c703f461-382d-48f8-a3c3-14844829e9b4</tstamps>
    </comp>
    <comp ref="MLS_Connector1">
      <value>Connector 1</value>
      <fields>
        <field name="Footprint"/>
        <field name="Datasheet"/>
        <field name="Description"/>
      </fields>
      <libsource lib="MLS_Custom" part="MLS_Connector" description=""/>
      <property name="Sheetname" value="Root"/>
      <property name="Sheetfile" value="Subsystem.kicad_sch"/>
      <sheetpath names="/" tstamps="/"/>
      <tstamps>180572e5-f4fe-4efb-8525-45f7da9fb4a9</tstamps>
    </comp>
    <comp ref="MLS_Connector2">
      <value>Connector 2</value>
      <fields>
        <field name="Footprint"/>
        <field name="Datasheet"/>
        <field name="Description"/>
      </fields>
      <libsource lib="MLS_Custom" part="MLS_Connector" description=""/>
      <property name="Sheetname" value="Root"/>
      <property name="Sheetfile" value="Subsystem.kicad_sch"/>
      <sheetpath names="/" tstamps="/"/>
      <tstamps>529fcaff-0bab-4865-a676-c499492a360c</tstamps>
    </comp>
    <comp ref="MLS_PIC18F57Q2">
      <value>~</value>
      <fields>
        <field name="Footprint"/>
        <field name="Datasheet"/>
        <field name="Description"/>
      </fields>
      <libsource lib="MLS_Custom" part="MLS_PIC18F57Q43" description=""/>
      <property name="Sheetname" value="Root"/>
      <property name="Sheetfile" value="Subsystem.kicad_sch"/>
      <sheetpath names="/" tstamps="/"/>
      <tstamps>2647ed06-151d-4f92-89fc-16302775f920</tstamps>
    </comp>
    <comp ref="MLS_VR1">
      <value>LM7805_MLS</value>
      <fields>
        <field name="Footprint"/>
        <field name="Datasheet"/>
        <field name="Description"/>
      </fields>
      <libsource lib="MLS_Custom" part="MLS_Voltage_Regulator" description=""/>
      <property name="Sheetname" value="Root"/>
      <property name="Sheetfile" value="Subsystem.kicad_sch"/>
      <sheetpath names="/" tstamps="/"/>
      <tstamps>da263d74-46a6-4a10-92ee-ac58c361f89c</tstamps>
    </comp>
    <comp ref="R1">
      <value>1k</value>
      <datasheet>~</datasheet>
      <description>Resistor, US symbol</description>
      <fields>
        <field name="Footprint"/>
        <field name="Datasheet">~</field>
        <field name="Description">Resistor, US symbol</field>
      </fields>
      <libsource lib="Device" part="R_US" description="Resistor, US symbol"/>
      <property name="Sheetname" value="Root"/>
      <property name="Sheetfile" value="Subsystem.kicad_sch"/>
      <property name="ki_keywords" value="R res resistor"/>
      <property name="ki_fp_filters" value="R_*"/>
      <sheetpath names="/" tstamps="/"/>
      <tstamps>bd627734-312c-4f08-9cf6-83f4834ad30c</tstamps>
    </comp>
    <comp ref="R2">
      <value>10k</value>
      <datasheet>~</datasheet>
      <description>Resistor, US symbol</description>
      <fields>
        <field name="Footprint"/>
        <field name="Datasheet">~</field>
        <field name="Description">Resistor, US symbol</field>
      </fields>
      <libsource lib="Device" part="R_US" description="Resistor, US symbol"/>
      <property name="Sheetname" value="Root"/>
      <property name="Sheetfile" value="Subsystem.kicad_sch"/>
      <property name="ki_keywords" value="R res resistor"/>
      <property name="ki_fp_filters" value="R_*"/>
      <sheetpath names="/" tstamps="/"/>
      <tstamps>7a1f3d2c-321a-4999-8c65-8a1396bcfc02</tstamps>
    </comp>
    <comp ref="R3">
      <value>10k</value>
      <datasheet>~</datasheet>
      <description>Resistor, US symbol</description>
      <fields>
        <field name="Footprint"/>
        <field name="Datasheet">~</field>
        <field name="Description">Resistor, US symbol</field>
      </fields>
      <libsource lib="Device" part="R_US" description="Resistor, US symbol"/>
      <property name="Sheetname" value="Root"/>
      <property name="Sheetfile" value="Subsystem.kicad_sch"/>
      <property name="ki_keywords" value="R res resistor"/>
      <property name="ki_fp_filters" value="R_*"/>
      <sheetpath names="/" tstamps="/"/>
      <tstamps>4ee07f66-f50c-4a79-86be-a225933aa26d</tstamps>
    </comp>
    <comp ref="R4">
      <value>10k</value>
      <datasheet>~</datasheet>
      <description>Resistor, US symbol</description>
      <fields>
        <field name="Footprint"/>
        <field name="Datasheet">~</field>
        <field name="Description">Resistor, US symbol</field>
      </fields>
      <libsource lib="Device" part="R_US" description="Resistor, US symbol"/>
      <property name="Sheetname" value="Root"/>
      <property name="Sheetfile" value="Subsystem.kicad_sch"/>
      <property name="ki_keywords" value="R res resistor"/>
      <property name="ki_fp_filters" value="R_*"/>
      <sheetpath names="/" tstamps="/"/>
      <tstamps>2aa5c3cf-9b2e-4828-8527-45a82aa3a00f</tstamps>
    </comp>
    <comp ref="R5">
      <value>10k</value>
      <datasheet>~</datasheet>
      <description>Resistor, US symbol</description>
      <fields>
        <field name="Footprint"/>
        <field name="Datasheet">~</field>
        <field name="Description">Resistor, US symbol</field>
      </fields>
      <libsource lib="Device" part="R_US" description="Resistor, US symbol"/>
      <property name="Sheetname" value="Root"/>
      <property name="Sheetfile" value="Subsystem.kicad_sch"/>
      <property name="ki_keywords" value="R res resistor"/>
      <property name="ki_fp_filters" value="R_*"/>
      <sheetpath names="/" tstamps="/"/>
      <tstamps>5b34f108-c24a-4b68-a399-f4a771138f55</tstamps>
    </comp>
    <comp ref="R6">
      <value>10k</value>
      <datasheet>~</datasheet>
      <description>Resistor, US symbol</description>
      <fields>
        <field name="Footprint"/>
        <field name="Datasheet">~</field>
        <field name="Description">Resistor, US symbol</field>
      </fields>
      <libsource lib="Device" part="R_US" description="Resistor, US symbol"/>
      <property name="Sheetname" value="Root"/>
      <property name="Sheetfile" value="Subsystem.kicad_sch"/>
      <property name="ki_keywords" value="R res resistor"/>
      <property name="ki_fp_filters" value="R_*"/>
      <sheetpath names="/" tstamps="/"/>
      <tstamps>4eeb912c-637b-46e1-a488-c61376c88d81</tstamps>
    </comp>
    <comp ref="R7">
      <value>10k</value>
      <datasheet>~</datasheet>
      <description>Resistor, US symbol</description>
      <fields>
        <field name="Footprint"/>
        <field name="Datasheet">~</field>
        <field name="Description">Resistor, US symbol</field>
      </fields>
      <libsource lib="Device" part="R_US" description="Resistor, US symbol"/>
      <property name="Sheetname" value="Root"/>
      <property name="Sheetfile" value="Subsystem.kicad_sch"/>
      <property name="ki_keywords" value="R res resistor"/>
      <property name="ki_fp_filters" value="R_*"/>
      <sheetpath names="/" tstamps="/"/>
      <tstamps>879d404b-48ab-4b1f-98c4-ecd7155dc971</tstamps>
    </comp>
    <comp ref="R8">
      <value>10k</value>
      <datasheet>~</datasheet>
      <description>Resistor, US symbol</description>
      <fields>
        <field name="Footprint"/>
        <field name="Datasheet">~</field>
        <field name="Description">Resistor, US symbol</field>
      </fields>
      <libsource lib="Device" part="R_US" description="Resistor, US symbol"/>
      <property name="Sheetname" value="Root"/>
      <property name="Sheetfile" value="Subsystem.kicad_sch"/>
      <property name="ki_keywords" value="R res resistor"/>
      <property name="ki_fp_filters" value="R_*"/>
      <sheetpath names="/" tstamps="/"/>
      <tstamps>d3021fb5-a8a0-41fe-bb1f-3abdfb5568ef</tstamps>
    </comp>
    <comp ref="R9">
      <value>10k</value>
      <datasheet>~</datasheet>
      <description>Resistor, US symbol</description>
      <fields>
        <field name="Footprint"/>
        <field name="Datasheet">~</field>
        <field name="Description">Resistor, US symbol</field>
      </fields>
      <libsource lib="Device" part="R_US" description="Resistor, US symbol"/>
      <property name="Sheetname" value="Root"/>
      <property name="Sheetfile" value="Subsystem.kicad_sch"/>
      <property name="ki_keywords" value="R res resistor"/>
      <property name="ki_fp_filters" value="R_*"/>
      <sheetpath names="/" tstamps="/"/>
      <tstamps>8b798c13-88d9-4748-be06-e9d8d27e2876</tstamps>
    </comp>
    <comp ref="SW1">
      <value>SW_DPST</value>
      <datasheet>~</datasheet>
      <description>Double Pole Single Throw (DPST) Switch</description>
      <fields>
        <field name="Footprint"/>
        <field name="Datasheet">~</field>
        <field name="Description">Double Pole Single Throw (DPST) Switch</field>
      </fields>
      <libsource lib="Switch" part="SW_DPST" description="Double Pole Single Throw (DPST) Switch"/>
      <property name="Sheetname" value="Root"/>
      <property name="Sheetfile" value="Subsystem.kicad_sch"/>
      <property name="ki_keywords" value="switch dual double-pole single-throw OFF-ON"/>
      <sheetpath names="/" tstamps="/"/>
      <tstamps>be68efbb-5f5f-4418-9ab9-e913848fa0df</tstamps>
    </comp>
    <comp ref="SW2">
      <value>SW_DPST</value>
      <datasheet>~</datasheet>
      <description>Double Pole Single Throw (DPST) Switch</description>
      <fields>
        <field name="Footprint"/>
        <field name="Datasheet">~</field>
        <field name="Description">Double Pole Single Throw (DPST) Switch</field>
      </fields>
      <libsource lib="Switch" part="SW_DPST" description="Double Pole Single Throw (DPST) Switch"/>
      <property name="Sheetname" value="Root"/>
      <property name="Sheetfile" value="Subsystem.kicad_sch"/>
      <property name="ki_keywords" value="switch dual double-pole single-throw OFF-ON"/>
      <sheetpath names="/" tstamps="/"/>
      <tstamps>6b9588ef-759c-4f6c-bc43-56f09ffb4964</tstamps>
    </comp>
    <comp ref="SW3">
      <value>SW_DPST</value>
      <datasheet>~</datasheet>
      <description>Double Pole Single Throw (DPST) Switch</description>
      <fields>
        <field name="Footprint"/>
        <field name="Datasheet">~</field>
        <field name="Description">Double Pole Single Throw (DPST) Switch</field>
      </fields>
      <libsource lib="Switch" part="SW_DPST" description="Double Pole Single Throw (DPST) Switch"/>
      <property name="Sheetname" value="Root"/>
      <property name="Sheetfile" value="Subsystem.kicad_sch"/>
      <property name="ki_keywords" value="switch dual double-pole single-throw OFF-ON"/>
      <sheetpath names="/" tstamps="/"/>
      <tstamps>178f1ab4-ba85-472d-b8cc-7f7033547888</tstamps>
    </comp>
    <comp ref="SW4">
      <value>SW_DPST</value>
      <datasheet>~</datasheet>
      <description>Double Pole Single Throw (DPST) Switch</description>
      <fields>
        <field name="Footprint"/>
        <field name="Datasheet">~</field>
        <field name="Description">Double Pole Single Throw (DPST) Switch</field>
      </fields>
      <libsource lib="Switch" part="SW_DPST" description="Double Pole Single Throw (DPST) Switch"/>
      <property name="Sheetname" value="Root"/>
      <property name="Sheetfile" value="Subsystem.kicad_sch"/>
      <property name="ki_keywords" value="switch dual double-pole single-throw OFF-ON"/>
      <sheetpath names="/" tstamps="/"/>
      <tstamps>002e2e60-b018-45b1-99aa-53bf836772d3</tstamps>
    </comp>
    <comp ref="SW5">
      <value>SW_DPST</value>
      <datasheet>~</datasheet>
      <description>Double Pole Single Throw (DPST) Switch</description>
      <fields>
        <field name="Footprint"/>
        <field name="Datasheet">~</field>
        <field name="Description">Double Pole Single Throw (DPST) Switch</field>
      </fields>
      <libsource lib="Switch" part="SW_DPST" description="Double Pole Single Throw (DPST) Switch"/>
      <property name="Sheetname" value="Root"/>
      <property name="Sheetfile" value="Subsystem.kicad_sch"/>
      <property name="ki_keywords" value="switch dual double-pole single-throw OFF-ON"/>
      <sheetpath names="/" tstamps="/"/>
      <tstamps>ac29f8b7-7502-4229-a6b7-cdbc6a09fff2</tstamps>
    </comp>
    <comp ref="SW6">
      <value>SW_DPST</value>
      <datasheet>~</datasheet>
      <description>Double Pole Single Throw (DPST) Switch</description>
      <fields>
        <field name="Footprint"/>
        <field name="Datasheet">~</field>
        <field name="Description">Double Pole Single Throw (DPST) Switch</field>
      </fields>
      <libsource lib="Switch" part="SW_DPST" description="Double Pole Single Throw (DPST) Switch"/>
      <property name="Sheetname" value="Root"/>
      <property name="Sheetfile" value="Subsystem.kicad_sch"/>
      <property name="ki_keywords" value="switch dual double-pole single-throw OFF-ON"/>
      <sheetpath names="/" tstamps="/"/>
      <tstamps>74f11fe0-0113-4763-95af-071c39cab599</tstamps>
    </comp>
    <comp ref="SW7">
      <value>SW_DPST</value>
      <datasheet>~</datasheet>
      <description>Double Pole Single Throw (DPST) Switch</description>
      <fields>
        <field name="Footprint"/>
        <field name="Datasheet">~</field>
        <field name="Description">Double Pole Single Throw (DPST) Switch</field>
      </fields>
      <libsource lib="Switch" part="SW_DPST" description="Double Pole Single Throw (DPST) Switch"/>
      <property name="Sheetname" value="Root"/>
      <property name="Sheetfile" value="Subsystem.kicad_sch"/>
      <property name="ki_keywords" value="switch dual double-pole single-throw OFF-ON"/>
      <sheetpath names="/" tstamps="/"/>
      <tstamps>c206f456-d875-43c0-8e2e-fd04ceb190a0</tstamps>
    </comp>
    <comp ref="SW8">
      <value>SW_DPST</value>
      <datasheet>~</datasheet>
      <description>Double Pole Single Throw (DPST) Switch</description>
      <fields>
        <field name="Footprint"/>
        <field name="Datasheet">~</field>
        <field name="Description">Double Pole Single Throw (DPST) Switch</field>
      </fields>
      <libsource lib="Switch" part="SW_DPST" description="Double Pole Single Throw (DPST) Switch"/>
      <property name="Sheetname" value="Root"/>
      <property name="Sheetfile" value="Subsystem.kicad_sch"/>
      <property name="ki_keywords" value="switch dual double-pole single-throw OFF-ON"/>
      <sheetpath names="/" tstamps="/"/>
      <tstamps>5acbd499-4458-468e-9020-09096cf40c64</tstamps>
    </comp>
    <comp ref="TP1">
      <value>TestPoint</value>
      <datasheet>~</datasheet>
      <description>test point</description>
      <fields>
        <field name="Footprint"/>
        <field name="Datasheet">~</field>
        <field name="Description">test point</field>
      </fields>
      <libsource lib="Connector" part="TestPoint" description="test point"/>
      <property name="Sheetname" value="Root"/>
      <property name="Sheetfile" value="Subsystem.kicad_sch"/>
      <property name="ki_keywords" value="test point tp"/>
      <property name="ki_fp_filters" value="Pin* Test*"/>
      <sheetpath names="/" tstamps="/"/>
      <tstamps>31898052-5489-4b5a-8344-af2d0148729e</tstamps>
    </comp>
    <comp ref="TP2">
      <value>TestPoint</value>
      <datasheet>~</datasheet>
      <description>test point</description>
      <fields>
        <field name="Footprint"/>
        <field name="Datasheet">~</field>
        <field name="Description">test point</field>
      </fields>
      <libsource lib="Connector" part="TestPoint" description="test point"/>
      <property name="Sheetname" value="Root"/>
      <property name="Sheetfile" value="Subsystem.kicad_sch"/>
      <property name="ki_keywords" value="test point tp"/>
      <property name="ki_fp_filters" value="Pin* Test*"/>
      <sheetpath names="/" tstamps="/"/>
      <tstamps>c95370b2-583b-4c3c-9926-bdba6ac5c729</tstamps>
    </comp>
    <comp ref="TP3">
      <value>TestPoint</value>
      <datasheet>~</datasheet>
      <description>test point</description>
      <fields>
        <field name="Footprint"/>
        <field name="Datasheet">~</field>
        <field name="Description">test point</field>
      </fields>
      <libsource lib="Connector" part="TestPoint" description="test point"/>
      <property name="Sheetname" value="Root"/>
      <property name="Sheetfile" value="Subsystem.kicad_sch"/>
      <property name="ki_keywords" value="test point tp"/>
      <property name="ki_fp_filters" value="Pin* Test*"/>
      <sheetpath names="/" tstamps="/"/>
      <tstamps>d0a8b852-64aa-416d-a149-cae010835c1b</tstamps>
    </comp>
    <comp ref="TP4">
      <value>TestPoint</value>
      <datasheet>~</datasheet>
      <description>test point</description>
      <fields>
        <field name="Footprint"/>
        <field name="Datasheet">~</field>
        <field name="Description">test point</field>
      </fields>
      <libsource lib="Connector" part="TestPoint" description="test point"/>
      <property name="Sheetname" value="Root"/>
      <property name="Sheetfile" value="Subsystem.kicad_sch"/>
      <property name="ki_keywords" value="test point tp"/>
      <property name="ki_fp_filters" value="Pin* Test*"/>
      <sheetpath names="/" tstamps="/"/>
      <tstamps>223fdd0d-2553-42fb-95af-b567c5196d3d</tstamps>
    </comp>
    <comp ref="TP5">
      <value>TestPoint</value>
      <datasheet>~</datasheet>
      <description>test point</description>
      <fields>
        <field name="Footprint"/>
        <field name="Datasheet">~</field>
        <field name="Description">test point</field>
      </fields>
      <libsource lib="Connector" part="TestPoint" description="test point"/>
      <property name="Sheetname" value="Root"/>
      <property name="Sheetfile" value="Subsystem.kicad_sch"/>
      <property name="ki_keywords" value="test point tp"/>
      <property name="ki_fp_filters" value="Pin* Test*"/>
      <sheetpath names="/" tstamps="/"/>
      <tstamps>b7a4cadf-d8f9-4a43-8c43-2189b98770a4</tstamps>
    </comp>
    <comp ref="TP6">
      <value>TestPoint</value>
      <datasheet>~</datasheet>
      <description>test point</description>
      <fields>
        <field name="Footprint"/>
        <field name="Datasheet">~</field>
        <field name="Description">test point</field>
      </fields>
      <libsource lib="Connector" part="TestPoint" description="test point"/>
      <property name="Sheetname" value="Root"/>
      <property name="Sheetfile" value="Subsystem.kicad_sch"/>
      <property name="ki_keywords" value="test point tp"/>
      <property name="ki_fp_filters" value="Pin* Test*"/>
      <sheetpath names="/" tstamps="/"/>
      <tstamps>6c6fa650-5afe-4985-993a-966686226533</tstamps>
    </comp>
    <comp ref="U1">
      <value>74HC165</value>
      <datasheet>https://assets.nexperia.com/documents/data-sheet/74HC_HCT165.pdf</datasheet>
      <description>Shift Register, 8-bit, Parallel Load</description>
      <fields>
        <field name="Footprint"/>
        <field name="Datasheet">https://assets.nexperia.com/documents/data-sheet/74HC_HCT165.pdf</field>
        <field name="Description">Shift Register, 8-bit, Parallel Load</field>
      </fields>
      <libsource lib="74xx" part="74HC165" description="Shift Register, 8-bit, Parallel Load"/>
      <property name="Sheetname" value="Root"/>
      <property name="Sheetfile" value="Subsystem.kicad_sch"/>
      <property name="ki_keywords" value="8 bit shift register parallel load cmos"/>
      <property name="ki_fp_filters" value="DIP?16* SO*16*3.9x9.9mm*P1.27mm* SSOP*16*5.3x6.2mm*P0.65mm* TSSOP*16*4.4x5mm*P0.65*"/>
      <sheetpath names="/" tstamps="/"/>
      <tstamps>28c2c105-c3a1-49db-abe3-931b48401980</tstamps>
    </comp>
  </components>
  <libparts>
    <libpart lib="74xx" part="74HC165">
      <description>Shift Register, 8-bit, Parallel Load</description>
      <docs>https://assets.nexperia.com/documents/data-sheet/74HC_HCT165.pdf</docs>
      <footprints>
        <fp>DIP?16*</fp>
        <fp>SO*16*3.9x9.9mm*P1.27mm*</fp>
        <fp>SSOP*16*5.3x6.2mm*P0.65mm*</fp>
        <fp>TSSOP*16*4.4x5mm*P0.65*</fp>
      </footprints>
      <fields>
        <field name="Reference">U</field>
        <field name="Value">74HC165</field>
        <field name="Footprint"/>
        <field name="Datasheet">https://assets.nexperia.com/documents/data-sheet/74HC_HCT165.pdf</field>
        <field name="Description">Shift Register, 8-bit, Parallel Load</field>
      </fields>
      <pins>
        <pin num="1" name="~{PL}" type="input"/>
        <pin num="2" name="CP" type="input"/>
        <pin num="3" name="D4" type="input"/>
        <pin num="4" name="D5" type="input"/>
        <pin num="5" name="D6" type="input"/>
        <pin num="6" name="D7" type="input"/>
        <pin num="7" name="~{Q7}" type="output"/>
        <pin num="8" name="GND" type="power_in"/>
        <pin num="9" name="Q7" type="output"/>
        <pin num="10" name="DS" type="input"/>
        <pin num="11" name="D0" type="input"/>
        <pin num="12" name="D1" type="input"/>
        <pin num="13" name="D2" type="input"/>
        <pin num="14" name="D3" type="input"/>
        <pin num="15" name="~{CE}" type="input"/>
        <pin num="16" name="VCC" type="power_in"/>
      </pins>
    </libpart>
    <libpart lib="Connector" part="TestPoint">
      <description>test point</description>
      <docs>~</docs>
      <footprints>
        <fp>Pin*</fp>
        <fp>Test*</fp>
      </footprints>
      <fields>
        <field name="Reference">TP</field>
        <field name="Value">TestPoint</field>
        <field name="Footprint"/>
        <field name="Datasheet">~</field>
        <field name="Description">test point</field>
      </fields>
      <pins>
        <pin num="1" name="1" type="passive"/>
      </pins>
    </libpart>
    <libpart lib="Device" part="C">
      <description>Unpolarized capacitor</description>
      <docs>~</docs>
      <footprints>
        <fp>C_*</fp>
      </footprints>
      <fields>
        <field name="Reference">C</field>
        <field name="Value">C</field>
        <field name="Footprint"/>
        <field name="Datasheet">~</field>
        <field name="Description">Unpolarized capacitor</field>
      </fields>
      <pins>
        <pin num="1" name="" type="passive"/>
        <pin num="2" name="" type="passive"/>
      </pins>
    </libpart>
    <libpart lib="Device" part="Fuse">
      <description>Fuse</description>
      <docs>~</docs>
      <footprints>
        <fp>*Fuse*</fp>
      </footprints>
      <fields>
        <field name="Reference">F</field>
        <field name="Value">Fuse</field>
        <field name="Footprint"/>
        <field name="Datasheet">~</field>
        <field name="Description">Fuse</field>
      </fields>
      <pins>
        <pin num="1" name="" type="passive"/>
        <pin num="2" name="" type="passive"/>
      </pins>
    </libpart>
    <libpart lib="Device" part="R_US">
      <description>Resistor, US symbol</description>
      <docs>~</docs>
      <footprints>
        <fp>R_*</fp>
      </footprints>
      <fields>
        <field name="Reference">R</field>
        <field name="Value">R_US</field>
        <field name="Footprint"/>
        <field name="Datasheet">~</field>
        <field name="Description">Resistor, US symbol</field>
      </fields>
      <pins>
        <pin num="1" name="" type="passive"/>
        <pin num="2" name="" type="passive"/>
      </pins>
    </libpart>
    <libpart lib="MLS_Custom" part="Barrel_Jack_Switch">
      <description>DC Barrel Jack with an internal switch</description>
      <docs>~</docs>
      <footprints>
        <fp>BarrelJack*</fp>
      </footprints>
      <fields>
        <field name="Reference">J1</field>
        <field name="Value">Barrel_Jack_Switch</field>
        <field name="Footprint"/>
        <field name="Datasheet">~</field>
        <field name="Description">DC Barrel Jack with an internal switch</field>
      </fields>
      <pins>
        <pin num="1" name="" type="power_out"/>
        <pin num="2" name="" type="power_out"/>
        <pin num="3" name="" type="passive"/>
      </pins>
    </libpart>
    <libpart lib="MLS_Custom" part="MLS_Connector">
      <fields>
        <field name="Reference">U</field>
        <field name="Value"/>
        <field name="Footprint"/>
        <field name="Datasheet"/>
        <field name="Description"/>
      </fields>
      <pins>
        <pin num="1" name="1D" type="bidirectional"/>
        <pin num="2" name="2D" type="bidirectional"/>
        <pin num="3" name="3D" type="bidirectional"/>
        <pin num="4" name="4D" type="bidirectional"/>
        <pin num="5" name="5D" type="bidirectional"/>
        <pin num="6" name="6A" type="bidirectional"/>
        <pin num="7" name="7A" type="bidirectional"/>
        <pin num="8" name="GND" type="power_in"/>
      </pins>
    </libpart>
    <libpart lib="MLS_Custom" part="MLS_PIC18F57Q43">
      <fields>
        <field name="Reference">MLS_PIC18F57Q1</field>
        <field name="Value">~</field>
        <field name="Footprint"/>
        <field name="Datasheet"/>
        <field name="Description"/>
      </fields>
      <pins>
        <pin num="1" name="NC" type="no_connect"/>
        <pin num="2" name="ID" type="bidirectional"/>
        <pin num="3" name="RF0" type="bidirectional"/>
        <pin num="4" name="RF1" type="bidirectional"/>
        <pin num="5" name="RB6" type="bidirectional"/>
        <pin num="6" name="RB4" type="bidirectional"/>
        <pin num="7" name="RC2" type="bidirectional"/>
        <pin num="8" name="RC3" type="bidirectional"/>
        <pin num="9" name="RB2" type="bidirectional"/>
        <pin num="10" name="RB1" type="bidirectional"/>
        <pin num="11" name="RC4" type="bidirectional"/>
        <pin num="12" name="RC5" type="bidirectional"/>
        <pin num="13" name="RC6" type="bidirectional"/>
        <pin num="14" name="RD4" type="bidirectional"/>
        <pin num="15" name="GND" type="power_in"/>
        <pin num="16" name="RA3" type="bidirectional"/>
        <pin num="17" name="RA4" type="bidirectional"/>
        <pin num="18" name="RE2" type="bidirectional"/>
        <pin num="19" name="RC7" type="bidirectional"/>
        <pin num="20" name="RD0" type="bidirectional"/>
        <pin num="21" name="RD1" type="bidirectional"/>
        <pin num="22" name="RD2" type="bidirectional"/>
        <pin num="23" name="RD3" type="bidirectional"/>
        <pin num="24" name="GND" type="power_in"/>
        <pin num="25" name="RF0" type="bidirectional"/>
        <pin num="26" name="RF1" type="bidirectional"/>
        <pin num="27" name="RF2" type="bidirectional"/>
        <pin num="28" name="RF3" type="bidirectional"/>
        <pin num="29" name="RC0" type="bidirectional"/>
        <pin num="30" name="RC1" type="bidirectional"/>
        <pin num="31" name="RE0" type="bidirectional"/>
        <pin num="32" name="RE1" type="bidirectional"/>
        <pin num="33" name="GND" type="power_in"/>
        <pin num="34" name="RF4" type="bidirectional"/>
        <pin num="35" name="RF5" type="bidirectional"/>
        <pin num="36" name="RF6" type="bidirectional"/>
        <pin num="37" name="RF7" type="bidirectional"/>
        <pin num="38" name="RB5" type="bidirectional"/>
        <pin num="39" name="RD5" type="bidirectional"/>
        <pin num="40" name="RD6" type="bidirectional"/>
        <pin num="41" name="RD7" type="bidirectional"/>
        <pin num="42" name="GND" type="power_in"/>
        <pin num="43" name="RA0" type="bidirectional"/>
        <pin num="44" name="RA1" type="bidirectional"/>
        <pin num="45" name="RA2" type="bidirectional"/>
        <pin num="46" name="RB0" type="bidirectional"/>
        <pin num="47" name="RB3" type="bidirectional"/>
        <pin num="48" name="RA5" type="bidirectional"/>
        <pin num="49" name="RA6" type="bidirectional"/>
        <pin num="50" name="RA7" type="bidirectional"/>
        <pin num="51" name="VTG" type="power_out"/>
        <pin num="52" name="GND" type="power_in"/>
        <pin num="53" name="RE7" type="bidirectional"/>
        <pin num="54" name="RE3" type="bidirectional"/>
        <pin num="55" name="VOFF" type="input"/>
        <pin num="56" name="VBUS" type="power_in"/>
      </pins>
    </libpart>
    <libpart lib="MLS_Custom" part="MLS_Voltage_Regulator">
      <fields>
        <field name="Reference">MLS_VR</field>
        <field name="Value">LM7805_MLS</field>
        <field name="Footprint"/>
        <field name="Datasheet"/>
        <field name="Description"/>
      </fields>
      <pins>
        <pin num="1" name="input" type="input"/>
        <pin num="2" name="ground" type="input"/>
        <pin num="3" name="output" type="output"/>
      </pins>
    </libpart>
    <libpart lib="Switch" part="SW_DPST">
      <description>Double Pole Single Throw (DPST) Switch</description>
      <docs>~</docs>
      <fields>
        <field name="Reference">SW</field>
        <field name="Value">SW_DPST</field>
        <field name="Footprint"/>
        <field name="Datasheet">~</field>
        <field name="Description">Double Pole Single Throw (DPST) Switch</field>
      </fields>
      <pins>
        <pin num="1" name="1" type="passive"/>
        <pin num="2" name="2" type="passive"/>
        <pin num="3" name="3" type="passive"/>
        <pin num="4" name="4" type="passive"/>
      </pins>
    </libpart>
  </libparts>
  <libraries>
    <library logical="74xx">
      <uri>C:\Program Files\KiCad\9.0\share\kicad\symbols\/74xx.kicad_sym</uri>
    </library>
    <library logical="Connector">
      <uri>C:\Program Files\KiCad\9.0\share\kicad\symbols\/Connector.kicad_sym</uri>
    </library>
    <library logical="Device">
      <uri>C:\Program Files\KiCad\9.0\share\kicad\symbols\/Device.kicad_sym</uri>
    </library>
    <library logical="MLS_Custom">
      <uri>C:/Users/gtfr5/OneDrive/Documents/KiCad/HW2/MLS_Custom.kicad_sym</uri>
    </library>
    <library logical="Switch">
      <uri>C:\Program Files\KiCad\9.0\share\kicad\symbols\/Switch.kicad_sym</uri>
    </library>
  </libraries>
  <nets>
    <net code="1" name="+5V" class="Default">
      <node ref="C2" pin="1" pintype="passive"/>
      <node ref="C3" pin="2" pintype="passive"/>
      <node ref="MLS_PIC18F57Q2" pin="56" pinfunction="VBUS" pintype="power_in"/>
      <node ref="MLS_VR1" pin="3" pinfunction="output" pintype="output"/>
      <node ref="R1" pin="1" pintype="passive"/>
      <node ref="SW1" pin="3" pinfunction="3" pintype="passive"/>
      <node ref="SW2" pin="3" pinfunction="3" pintype="passive"/>
      <node ref="SW3" pin="3" pinfunction="3" pintype="passive"/>
      <node ref="SW4" pin="3" pinfunction="3" pintype="passive"/>
      <node ref="SW5" pin="3" pinfunction="3" pintype="passive"/>
      <node ref="SW6" pin="3" pinfunction="3" pintype="passive"/>
      <node ref="SW7" pin="3" pinfunction="3" pintype="passive"/>
      <node ref="SW8" pin="3" pinfunction="3" pintype="passive"/>
    </net>
    <net code="2" name="+9V" class="Default">
      <node ref="C1" pin="1" pintype="passive"/>
      <node ref="F1" pin="2" pintype="passive"/>
      <node ref="MLS_VR1" pin="1" pinfunction="input" pintype="input"/>
    </net>
    <net code="3" name="GNDREF" class="Default">
      <node ref="C1" pin="2" pintype="passive"/>
      <node ref="C2" pin="2" pintype="passive"/>
      <node ref="C3" pin="1" pintype="passive"/>
      <node ref="C5" pin="2" pintype="passive"/>
      <node ref="J1" pin="2" pintype="power_out"/>
      <node ref="MLS_Connector1" pin="8" pinfunction="GND" pintype="power_in"/>
      <node ref="MLS_Connector2" pin="8" pinfunction="GND" pintype="power_in"/>
      <node ref="MLS_PIC18F57Q2" pin="15" pinfunction="GND" pintype="power_in"/>
      <node ref="MLS_PIC18F57Q2" pin="24" pinfunction="GND" pintype="power_in"/>
      <node ref="MLS_PIC18F57Q2" pin="33" pinfunction="GND" pintype="power_in"/>
      <node ref="MLS_PIC18F57Q2" pin="42" pinfunction="GND" pintype="power_in"/>
      <node ref="MLS_PIC18F57Q2" pin="52" pinfunction="GND" pintype="power_in"/>
      <node ref="MLS_PIC18F57Q2" pin="55" pinfunction="VOFF" pintype="input"/>
      <node ref="MLS_VR1" pin="2" pinfunction="ground" pintype="input"/>
      <node ref="R1" pin="2" pintype="passive"/>
      <node ref="R2" pin="1" pintype="passive"/>
      <node ref="R3" pin="2" pintype="passive"/>
      <node ref="R4" pin="2" pintype="passive"/>
      <node ref="R5" pin="2" pintype="passive"/>
      <node ref="R6" pin="2" pintype="passive"/>
      <node ref="R7" pin="2" pintype="passive"/>
      <node ref="R8" pin="1" pintype="passive"/>
      <node ref="R9" pin="1" pintype="passive"/>
      <node ref="U1" pin="15" pinfunction="~{CE}" pintype="input"/>
      <node ref="U1" pin="8" pinfunction="GND" pintype="power_in"/>
    </net>
    <net code="4" name="Net-(F1-Pad1)" class="Default">
      <node ref="F1" pin="1" pintype="passive"/>
      <node ref="J1" pin="1" pintype="power_out"/>
    </net>
    <net code="5" name="Net-(MLS_Connector1-5D)" class="Default">
      <node ref="MLS_Connector1" pin="5" pinfunction="5D" pintype="bidirectional"/>
      <node ref="MLS_PIC18F57Q2" pin="10" pinfunction="RB1" pintype="bidirectional"/>
      <node ref="TP6" pin="1" pinfunction="1" pintype="passive"/>
    </net>
    <net code="6" name="Net-(MLS_Connector2-2D)" class="Default">
      <node ref="MLS_Connector2" pin="2" pinfunction="2D" pintype="bidirectional"/>
      <node ref="MLS_PIC18F57Q2" pin="9" pinfunction="RB2" pintype="bidirectional"/>
      <node ref="TP5" pin="1" pinfunction="1" pintype="passive"/>
    </net>
    <net code="7" name="Net-(MLS_PIC18F57Q2-RF4)" class="Default">
      <node ref="MLS_PIC18F57Q2" pin="34" pinfunction="RF4" pintype="bidirectional"/>
      <node ref="TP3" pin="1" pinfunction="1" pintype="passive"/>
      <node ref="U1" pin="2" pinfunction="CP" pintype="input"/>
    </net>
    <net code="8" name="Net-(MLS_PIC18F57Q2-RF5)" class="Default">
      <node ref="MLS_PIC18F57Q2" pin="35" pinfunction="RF5" pintype="bidirectional"/>
      <node ref="TP4" pin="1" pinfunction="1" pintype="passive"/>
      <node ref="U1" pin="1" pinfunction="~{PL}" pintype="input"/>
    </net>
    <net code="9" name="Net-(MLS_PIC18F57Q2-RF6)" class="Default">
      <node ref="MLS_PIC18F57Q2" pin="36" pinfunction="RF6" pintype="bidirectional"/>
      <node ref="TP1" pin="1" pinfunction="1" pintype="passive"/>
      <node ref="U1" pin="9" pinfunction="Q7" pintype="output"/>
    </net>
    <net code="10" name="Net-(MLS_PIC18F57Q2-VTG)" class="Default">
      <node ref="C5" pin="1" pintype="passive"/>
      <node ref="MLS_PIC18F57Q2" pin="51" pinfunction="VTG" pintype="power_out"/>
      <node ref="TP2" pin="1" pinfunction="1" pintype="passive"/>
      <node ref="U1" pin="16" pinfunction="VCC" pintype="power_in"/>
    </net>
    <net code="11" name="Net-(U1-D0)" class="Default">
      <node ref="R2" pin="2" pintype="passive"/>
      <node ref="SW1" pin="4" pinfunction="4" pintype="passive"/>
      <node ref="U1" pin="11" pinfunction="D0" pintype="input"/>
    </net>
    <net code="12" name="Net-(U1-D1)" class="Default">
      <node ref="R3" pin="1" pintype="passive"/>
      <node ref="SW2" pin="4" pinfunction="4" pintype="passive"/>
      <node ref="U1" pin="12" pinfunction="D1" pintype="input"/>
    </net>
    <net code="13" name="Net-(U1-D2)" class="Default">
      <node ref="R4" pin="1" pintype="passive"/>
      <node ref="SW3" pin="4" pinfunction="4" pintype="passive"/>
      <node ref="U1" pin="13" pinfunction="D2" pintype="input"/>
    </net>
    <net code="14" name="Net-(U1-D3)" class="Default">
      <node ref="R5" pin="1" pintype="passive"/>
      <node ref="SW4" pin="4" pinfunction="4" pintype="passive"/>
      <node ref="U1" pin="14" pinfunction="D3" pintype="input"/>
    </net>
    <net code="15" name="Net-(U1-D4)" class="Default">
      <node ref="R6" pin="1" pintype="passive"/>
      <node ref="SW5" pin="4" pinfunction="4" pintype="passive"/>
      <node ref="U1" pin="3" pinfunction="D4" pintype="input"/>
    </net>
    <net code="16" name="Net-(U1-D5)" class="Default">
      <node ref="R7" pin="1" pintype="passive"/>
      <node ref="SW6" pin="4" pinfunction="4" pintype="passive"/>
      <node ref="U1" pin="4" pinfunction="D5" pintype="input"/>
    </net>
    <net code="17" name="Net-(U1-D6)" class="Default">
      <node ref="R8" pin="2" pintype="passive"/>
      <node ref="SW7" pin="4" pinfunction="4" pintype="passive"/>
      <node ref="U1" pin="5" pinfunction="D6" pintype="input"/>
    </net>
    <net code="18" name="Net-(U1-D7)" class="Default">
      <node ref="R9" pin="2" pintype="passive"/>
      <node ref="SW8" pin="4" pinfunction="4" pintype="passive"/>
      <node ref="U1" pin="6" pinfunction="D7" pintype="input"/>
    </net>
    <net code="19" name="unconnected-(J1-Pad3)" class="Default">
      <node ref="J1" pin="3" pintype="passive+no_connect"/>
    </net>
    <net code="20" name="unconnected-(MLS_Connector1-1D-Pad1)" class="Default">
      <node ref="MLS_Connector1" pin="1" pinfunction="1D" pintype="bidirectional+no_connect"/>
    </net>
    <net code="21" name="unconnected-(MLS_Connector1-2D-Pad2)" class="Default">
      <node ref="MLS_Connector1" pin="2" pinfunction="2D" pintype="bidirectional+no_connect"/>
    </net>
    <net code="22" name="unconnected-(MLS_Connector1-3D-Pad3)" class="Default">
      <node ref="MLS_Connector1" pin="3" pinfunction="3D" pintype="bidirectional+no_connect"/>
    </net>
    <net code="23" name="unconnected-(MLS_Connector1-4D-Pad4)" class="Default">
      <node ref="MLS_Connector1" pin="4" pinfunction="4D" pintype="bidirectional+no_connect"/>
    </net>
    <net code="24" name="unconnected-(MLS_Connector1-6A-Pad6)" class="Default">
      <node ref="MLS_Connector1" pin="6" pinfunction="6A" pintype="bidirectional+no_connect"/>
    </net>
    <net code="25" name="unconnected-(MLS_Connector1-7A-Pad7)" class="Default">
      <node ref="MLS_Connector1" pin="7" pinfunction="7A" pintype="bidirectional+no_connect"/>
    </net>
    <net code="26" name="unconnected-(MLS_Connector2-1D-Pad1)" class="Default">
      <node ref="MLS_Connector2" pin="1" pinfunction="1D" pintype="bidirectional+no_connect"/>
    </net>
    <net code="27" name="unconnected-(MLS_Connector2-3D-Pad3)" class="Default">
      <node ref="MLS_Connector2" pin="3" pinfunction="3D" pintype="bidirectional+no_connect"/>
    </net>
    <net code="28" name="unconnected-(MLS_Connector2-4D-Pad4)" class="Default">
      <node ref="MLS_Connector2" pin="4" pinfunction="4D" pintype="bidirectional+no_connect"/>
    </net>
    <net code="29" name="unconnected-(MLS_Connector2-5D-Pad5)" class="Default">
      <node ref="MLS_Connector2" pin="5" pinfunction="5D" pintype="bidirectional+no_connect"/>
    </net>
    <net code="30" name="unconnected-(MLS_Connector2-6A-Pad6)" class="Default">
      <node ref="MLS_Connector2" pin="6" pinfunction="6A" pintype="bidirectional+no_connect"/>
    </net>
    <net code="31" name="unconnected-(MLS_Connector2-7A-Pad7)" class="Default">
      <node ref="MLS_Connector2" pin="7" pinfunction="7A" pintype="bidirectional+no_connect"/>
    </net>
    <net code="32" name="unconnected-(MLS_PIC18F57Q2-ID-Pad2)" class="Default">
      <node ref="MLS_PIC18F57Q2" pin="2" pinfunction="ID" pintype="bidirectional+no_connect"/>
    </net>
    <net code="33" name="unconnected-(MLS_PIC18F57Q2-NC-Pad1)" class="Default">
      <node ref="MLS_PIC18F57Q2" pin="1" pinfunction="NC" pintype="no_connect"/>
    </net>
    <net code="34" name="unconnected-(MLS_PIC18F57Q2-RA0-Pad43)" class="Default">
      <node ref="MLS_PIC18F57Q2" pin="43" pinfunction="RA0" pintype="bidirectional+no_connect"/>
    </net>
    <net code="35" name="unconnected-(MLS_PIC18F57Q2-RA1-Pad44)" class="Default">
      <node ref="MLS_PIC18F57Q2" pin="44" pinfunction="RA1" pintype="bidirectional+no_connect"/>
    </net>
    <net code="36" name="unconnected-(MLS_PIC18F57Q2-RA2-Pad45)" class="Default">
      <node ref="MLS_PIC18F57Q2" pin="45" pinfunction="RA2" pintype="bidirectional+no_connect"/>
    </net>
    <net code="37" name="unconnected-(MLS_PIC18F57Q2-RA3-Pad16)" class="Default">
      <node ref="MLS_PIC18F57Q2" pin="16" pinfunction="RA3" pintype="bidirectional+no_connect"/>
    </net>
    <net code="38" name="unconnected-(MLS_PIC18F57Q2-RA4-Pad17)" class="Default">
      <node ref="MLS_PIC18F57Q2" pin="17" pinfunction="RA4" pintype="bidirectional+no_connect"/>
    </net>
    <net code="39" name="unconnected-(MLS_PIC18F57Q2-RA5-Pad48)" class="Default">
      <node ref="MLS_PIC18F57Q2" pin="48" pinfunction="RA5" pintype="bidirectional+no_connect"/>
    </net>
    <net code="40" name="unconnected-(MLS_PIC18F57Q2-RA6-Pad49)" class="Default">
      <node ref="MLS_PIC18F57Q2" pin="49" pinfunction="RA6" pintype="bidirectional+no_connect"/>
    </net>
    <net code="41" name="unconnected-(MLS_PIC18F57Q2-RA7-Pad50)" class="Default">
      <node ref="MLS_PIC18F57Q2" pin="50" pinfunction="RA7" pintype="bidirectional+no_connect"/>
    </net>
    <net code="42" name="unconnected-(MLS_PIC18F57Q2-RB0-Pad46)" class="Default">
      <node ref="MLS_PIC18F57Q2" pin="46" pinfunction="RB0" pintype="bidirectional+no_connect"/>
    </net>
    <net code="43" name="unconnected-(MLS_PIC18F57Q2-RB3-Pad47)" class="Default">
      <node ref="MLS_PIC18F57Q2" pin="47" pinfunction="RB3" pintype="bidirectional+no_connect"/>
    </net>
    <net code="44" name="unconnected-(MLS_PIC18F57Q2-RB4-Pad6)" class="Default">
      <node ref="MLS_PIC18F57Q2" pin="6" pinfunction="RB4" pintype="bidirectional+no_connect"/>
    </net>
    <net code="45" name="unconnected-(MLS_PIC18F57Q2-RB5-Pad38)" class="Default">
      <node ref="MLS_PIC18F57Q2" pin="38" pinfunction="RB5" pintype="bidirectional+no_connect"/>
    </net>
    <net code="46" name="unconnected-(MLS_PIC18F57Q2-RB6-Pad5)" class="Default">
      <node ref="MLS_PIC18F57Q2" pin="5" pinfunction="RB6" pintype="bidirectional+no_connect"/>
    </net>
    <net code="47" name="unconnected-(MLS_PIC18F57Q2-RC0-Pad29)" class="Default">
      <node ref="MLS_PIC18F57Q2" pin="29" pinfunction="RC0" pintype="bidirectional+no_connect"/>
    </net>
    <net code="48" name="unconnected-(MLS_PIC18F57Q2-RC1-Pad30)" class="Default">
      <node ref="MLS_PIC18F57Q2" pin="30" pinfunction="RC1" pintype="bidirectional+no_connect"/>
    </net>
    <net code="49" name="unconnected-(MLS_PIC18F57Q2-RC2-Pad7)" class="Default">
      <node ref="MLS_PIC18F57Q2" pin="7" pinfunction="RC2" pintype="bidirectional+no_connect"/>
    </net>
    <net code="50" name="unconnected-(MLS_PIC18F57Q2-RC3-Pad8)" class="Default">
      <node ref="MLS_PIC18F57Q2" pin="8" pinfunction="RC3" pintype="bidirectional+no_connect"/>
    </net>
    <net code="51" name="unconnected-(MLS_PIC18F57Q2-RC4-Pad11)" class="Default">
      <node ref="MLS_PIC18F57Q2" pin="11" pinfunction="RC4" pintype="bidirectional+no_connect"/>
    </net>
    <net code="52" name="unconnected-(MLS_PIC18F57Q2-RC5-Pad12)" class="Default">
      <node ref="MLS_PIC18F57Q2" pin="12" pinfunction="RC5" pintype="bidirectional+no_connect"/>
    </net>
    <net code="53" name="unconnected-(MLS_PIC18F57Q2-RC6-Pad13)" class="Default">
      <node ref="MLS_PIC18F57Q2" pin="13" pinfunction="RC6" pintype="bidirectional+no_connect"/>
    </net>
    <net code="54" name="unconnected-(MLS_PIC18F57Q2-RC7-Pad19)" class="Default">
      <node ref="MLS_PIC18F57Q2" pin="19" pinfunction="RC7" pintype="bidirectional+no_connect"/>
    </net>
    <net code="55" name="unconnected-(MLS_PIC18F57Q2-RD0-Pad20)" class="Default">
      <node ref="MLS_PIC18F57Q2" pin="20" pinfunction="RD0" pintype="bidirectional+no_connect"/>
    </net>
    <net code="56" name="unconnected-(MLS_PIC18F57Q2-RD1-Pad21)" class="Default">
      <node ref="MLS_PIC18F57Q2" pin="21" pinfunction="RD1" pintype="bidirectional+no_connect"/>
    </net>
    <net code="57" name="unconnected-(MLS_PIC18F57Q2-RD2-Pad22)" class="Default">
      <node ref="MLS_PIC18F57Q2" pin="22" pinfunction="RD2" pintype="bidirectional+no_connect"/>
    </net>
    <net code="58" name="unconnected-(MLS_PIC18F57Q2-RD3-Pad23)" class="Default">
      <node ref="MLS_PIC18F57Q2" pin="23" pinfunction="RD3" pintype="bidirectional+no_connect"/>
    </net>
    <net code="59" name="unconnected-(MLS_PIC18F57Q2-RD4-Pad14)" class="Default">
      <node ref="MLS_PIC18F57Q2" pin="14" pinfunction="RD4" pintype="bidirectional+no_connect"/>
    </net>
    <net code="60" name="unconnected-(MLS_PIC18F57Q2-RD5-Pad39)" class="Default">
      <node ref="MLS_PIC18F57Q2" pin="39" pinfunction="RD5" pintype="bidirectional+no_connect"/>
    </net>
    <net code="61" name="unconnected-(MLS_PIC18F57Q2-RD6-Pad40)" class="Default">
      <node ref="MLS_PIC18F57Q2" pin="40" pinfunction="RD6" pintype="bidirectional+no_connect"/>
    </net>
    <net code="62" name="unconnected-(MLS_PIC18F57Q2-RD7-Pad41)" class="Default">
      <node ref="MLS_PIC18F57Q2" pin="41" pinfunction="RD7" pintype="bidirectional+no_connect"/>
    </net>
    <net code="63" name="unconnected-(MLS_PIC18F57Q2-RE0-Pad31)" class="Default">
      <node ref="MLS_PIC18F57Q2" pin="31" pinfunction="RE0" pintype="bidirectional+no_connect"/>
    </net>
    <net code="64" name="unconnected-(MLS_PIC18F57Q2-RE1-Pad32)" class="Default">
      <node ref="MLS_PIC18F57Q2" pin="32" pinfunction="RE1" pintype="bidirectional+no_connect"/>
    </net>
    <net code="65" name="unconnected-(MLS_PIC18F57Q2-RE2-Pad18)" class="Default">
      <node ref="MLS_PIC18F57Q2" pin="18" pinfunction="RE2" pintype="bidirectional+no_connect"/>
    </net>
    <net code="66" name="unconnected-(MLS_PIC18F57Q2-RE3-Pad54)" class="Default">
      <node ref="MLS_PIC18F57Q2" pin="54" pinfunction="RE3" pintype="bidirectional+no_connect"/>
    </net>
    <net code="67" name="unconnected-(MLS_PIC18F57Q2-RE7-Pad53)" class="Default">
      <node ref="MLS_PIC18F57Q2" pin="53" pinfunction="RE7" pintype="bidirectional+no_connect"/>
    </net>
    <net code="68" name="unconnected-(MLS_PIC18F57Q2-RF0-Pad3)" class="Default">
      <node ref="MLS_PIC18F57Q2" pin="3" pinfunction="RF0" pintype="bidirectional+no_connect"/>
    </net>
    <net code="69" name="unconnected-(MLS_PIC18F57Q2-RF0-Pad25)" class="Default">
      <node ref="MLS_PIC18F57Q2" pin="25" pinfunction="RF0" pintype="bidirectional+no_connect"/>
    </net>
    <net code="70" name="unconnected-(MLS_PIC18F57Q2-RF1-Pad4)" class="Default">
      <node ref="MLS_PIC18F57Q2" pin="4" pinfunction="RF1" pintype="bidirectional+no_connect"/>
    </net>
    <net code="71" name="unconnected-(MLS_PIC18F57Q2-RF1-Pad26)" class="Default">
      <node ref="MLS_PIC18F57Q2" pin="26" pinfunction="RF1" pintype="bidirectional+no_connect"/>
    </net>
    <net code="72" name="unconnected-(MLS_PIC18F57Q2-RF2-Pad27)" class="Default">
      <node ref="MLS_PIC18F57Q2" pin="27" pinfunction="RF2" pintype="bidirectional+no_connect"/>
    </net>
    <net code="73" name="unconnected-(MLS_PIC18F57Q2-RF3-Pad28)" class="Default">
      <node ref="MLS_PIC18F57Q2" pin="28" pinfunction="RF3" pintype="bidirectional+no_connect"/>
    </net>
    <net code="74" name="unconnected-(MLS_PIC18F57Q2-RF7-Pad37)" class="Default">
      <node ref="MLS_PIC18F57Q2" pin="37" pinfunction="RF7" pintype="bidirectional+no_connect"/>
    </net>
    <net code="75" name="unconnected-(SW1-Pad1)" class="Default">
      <node ref="SW1" pin="1" pinfunction="1" pintype="passive+no_connect"/>
    </net>
    <net code="76" name="unconnected-(SW1-Pad2)" class="Default">
      <node ref="SW1" pin="2" pinfunction="2" pintype="passive+no_connect"/>
    </net>
    <net code="77" name="unconnected-(SW2-Pad1)" class="Default">
      <node ref="SW2" pin="1" pinfunction="1" pintype="passive+no_connect"/>
    </net>
    <net code="78" name="unconnected-(SW2-Pad2)" class="Default">
      <node ref="SW2" pin="2" pinfunction="2" pintype="passive+no_connect"/>
    </net>
    <net code="79" name="unconnected-(SW3-Pad1)" class="Default">
      <node ref="SW3" pin="1" pinfunction="1" pintype="passive+no_connect"/>
    </net>
    <net code="80" name="unconnected-(SW3-Pad2)" class="Default">
      <node ref="SW3" pin="2" pinfunction="2" pintype="passive+no_connect"/>
    </net>
    <net code="81" name="unconnected-(SW4-Pad1)" class="Default">
      <node ref="SW4" pin="1" pinfunction="1" pintype="passive+no_connect"/>
    </net>
    <net code="82" name="unconnected-(SW4-Pad2)" class="Default">
      <node ref="SW4" pin="2" pinfunction="2" pintype="passive+no_connect"/>
    </net>
    <net code="83" name="unconnected-(SW5-Pad1)" class="Default">
      <node ref="SW5" pin="1" pinfunction="1" pintype="passive+no_connect"/>
    </net>
    <net code="84" name="unconnected-(SW5-Pad2)" class="Default">
      <node ref="SW5" pin="2" pinfunction="2" pintype="passive+no_connect"/>
    </net>
    <net code="85" name="unconnected-(SW6-Pad1)" class="Default">
      <node ref="SW6" pin="1" pinfunction="1" pintype="passive+no_connect"/>
    </net>
    <net code="86" name="unconnected-(SW6-Pad2)" class="Default">
      <node ref="SW6" pin="2" pinfunction="2" pintype="passive+no_connect"/>
    </net>
    <net code="87" name="unconnected-(SW7-Pad1)" class="Default">
      <node ref="SW7" pin="1" pinfunction="1" pintype="passive+no_connect"/>
    </net>
    <net code="88" name="unconnected-(SW7-Pad2)" class="Default">
      <node ref="SW7" pin="2" pinfunction="2" pintype="passive+no_connect"/>
    </net>
    <net code="89" name="unconnected-(SW8-Pad1)" class="Default">
      <node ref="SW8" pin="1" pinfunction="1" pintype="passive+no_connect"/>
    </net>
    <net code="90" name="unconnected-(SW8-Pad2)" class="Default">
      <node ref="SW8" pin="2" pinfunction="2" pintype="passive+no_connect"/>
    </net>
    <net code="91" name="unconnected-(U1-DS-Pad10)" class="Default">
      <node ref="U1" pin="10" pinfunction="DS" pintype="input+no_connect"/>
    </net>
    <net code="92" name="unconnected-(U1-~{Q7}-Pad7)" class="Default">
      <node ref="U1" pin="7" pinfunction="~{Q7}" pintype="output+no_connect"/>
    </net>
  </nets>
</export>
